<?xml version="1.0" encoding="UTF-8"?>
<beans:beans xmlns="http://www.springframework.org/schema/mvc"
	xmlns:xsi="http://www.w3.org/2001/XMLSchema-instance"
	xmlns:beans="http://www.springframework.org/schema/beans"
	xmlns:context="http://www.springframework.org/schema/context"
	xsi:schemaLocation="http://www.springframework.org/schema/mvc https://www.springframework.org/schema/mvc/spring-mvc.xsd
		http://www.springframework.org/schema/beans https://www.springframework.org/schema/beans/spring-beans.xsd
		http://www.springframework.org/schema/context https://www.springframework.org/schema/context/spring-context.xsd">

	<!-- DispatcherServlet Context: defines this servlet's request-processing infrastructure -->
	
	<!-- Enables the Spring MVC @Controller programming model -->
	<annotation-driven />

	<!-- Handles HTTP GET requests for /resources/** by efficiently serving up static resources in the ${webappRoot}/resources directory -->
	<resources mapping="/resources/**" location="/resources/" />


	<!-- Resolves views selected for rendering by @Controllers to .jsp resources in the /WEB-INF/views directory -->
	<beans:bean class="org.springframework.web.servlet.view.InternalResourceViewResolver">
		<beans:property name="prefix" value="/WEB-INF/views/" />
		<beans:property name="suffix" value=".jsp" />
	</beans:bean>
	
	<beans:bean id="authenInterceptor" class="com.billy.Interceptor.AuthenticationInterceptor"></beans:bean>
	
	<interceptors>
		<interceptor>
			<mapping path="/**"/><!-- /는 모든것을 의미 -->
			<!-- 인터셉터는 로그인과 관련된 컨트롤러는 관여하면 안된다. -->
			<exclude-mapping path="/home**"/>
			<exclude-mapping path="/login**"/>
			<exclude-mapping path="/loginAction**"/>
			<exclude-mapping path="/joinForm**"/>
			<exclude-mapping path="/logout**"/>
			<exclude-mapping path="/resources/**" />
			<beans:ref bean="authenInterceptor"/>
		</interceptor>
	</interceptors>
	
	<beans:bean class="org.springframework.web.multipart.commons.CommonsMultipartResolver" id="multipartResolver">
		<beans:property name="maxUploadSize" value="10485760"></beans:property><!-- 10메가 제한 -->
	</beans:bean>
	
	<beans:bean class="java.lang.String" id="uploadPath">
		<beans:constructor-arg value="/tmp"></beans:constructor-arg>
	</beans:bean>
	
	<context:component-scan base-package="com.billy.main" />	
	<context:component-scan base-package="com.billy.util" />
</beans:beans>
